url_path,views_total,views_unique
/demichie/OpenPDAC-13,3,3
/demichie/OpenPDAC-13/tree/main,3,2
/demichie/OpenPDAC-13/commit/e30d4ccfe97209059a0df13ddc1f936abbbc7c95,2,2
/demichie/OpenPDAC-13/tree/main/applications,2,1
/demichie/OpenPDAC-13/blob/main/applications/OpenPDAC/phaseSystem/phaseSystem/phaseSystem.C,1,1
/demichie/OpenPDAC-13/commits/main,1,1
/demichie/OpenPDAC-13/tree/main/applications/OpenPDAC,1,1
/demichie/OpenPDAC-13/tree/main/applications/OpenPDAC/phaseSystem,1,1
/demichie/OpenPDAC-13/tree/main/applications/OpenPDAC/phaseSystem/phaseSystem,1,1
/demichie/OpenPDAC-13/tree/main/run/testVulcano,1,1
